"Biochemistry",
"Full-term neonate of an uneventful delivery becomes mentally retarded and hyperactive and has a musty odor.","PKU."
"tressed executive comes home from work, consumes 7 or 8 martinis in rapid succession before dinner, and becomes hypoglycemic.","NADH ↑ prevents gluconeogenesis by shunting pyruvate and oxaloacetate to lactate and malate."
"2-year-old girl has an ↑ in abdominal girth, failure to thrive, and skin and hair depigmentation.","Kwashiorkor."
"Alcoholic develops a rash, diarrhea, and altered mental status.","Vitamin B3 (pellagra)."
"1-year-old man has black spots in his sclera and has noted that his urine turns black upon standing.","Alkaptonuria."
"25-year-old man complains of severe chest pain and has xanthomas of his Achilles tendons.","Familial hypercholesterolemia; LDL receptor."
"2 parents with albinism have a son who is normal.","Locus heterogeneity."
"Child exhibits weakness and enlarged calves.","Duchenne’s muscular dystrophy; X-linked recessive."
"40-year-old man has chronic pancreatitis with pancreatic insufficiency.","A, D, E, and K."
"metabolic vitamin ","Thiamine –– B1 – Riboflavin –– B2 – Niacin –– B3 –Pantothenic acid––B5 – Pyridoxine –– B6 – Biotin"
"water soluble vitamin ","B1 (thiamine: TPP) B2 (riboflavin: FAD, FMN) B3 (niacin: NAD+) B5 (pantothenic acid: CoA) B6 (pyridoxine: PLP) B12 (cobalamin) C (ascorbic acid) Biotin Folate"
"Dry beriberi","olyneuritis,symmetrical muscle wasting."
"Wet beriberi","High-output, cardiac failure (dilated cardiomyopathy), edema"
"Vitamin B1 (thiamine) function ","In thiamine pyrophosphate, a cofactor for oxidative decarboxylation of α-ketoacids (pyruvate, α-ketoglutarate) and branched-chain AA dehydrogenase, and a cofactor for transketolase in the HMP shunt."
"Vitamin B2 (riboflavin)","Cofactor in oxidation and reduction (e.g., FADH2)."
"deficiency of B2","Angular stomatitis (inflammation of oral mucous linings), Cheilosis (inflammation of lips), Corneal vascularization."
"Vitamin B3 (niacin) deficiency ","Niacin is made by the body from tryptophan. Synthesis requires B6. Pellagra can be caused by Hartnup disease (↓ tryptophan absorption), malignant carcinoid syndrome (↑ tryptophan metabolism), and INH (↓ vitamin B6)."
"Vitamin B3 (niacin)","Constituent of NAD+, NADP+ (used in redox reactions). Derived from tryptophan using vitamin B6."
"Vitamin B5 (pantothenate) deficiency ","Dermatitis, enteritis, alopecia, adrenal insufficiency"
"Vitamin B5 (pantothenate)","Constituent of CoA (a cofactor for acyl transfers)and component of fatty acid synthase."
"Vitamin B6 (pyridoxine) deficiency ","Convulsions, hyperirritability (deficiency inducible by INH and oral contraceptives), peripheral neuropathy."
"Vitamin B6 (pyridoxine)","Converted to pyridoxal phosphate, a cofactor used in transamination (e.g., ALT and AST), decarboxylation reactions, glycogen phosphorylase, and heme synthesis. Required for the synthesis of niacin from tryptophan."
"Vitamin B12 (cobalamin)","Macrocytic, megaloblastic anemia; neurologic symptoms (optic neuropathy, subacute combined degeneration, paresthesia); glossitis."
"Vitamin B12 (cobalamin)","Cofactor for homocysteine methyltransferase (transfers CH3 groups as methylcobalamin) and methylmalonyl-CoA mutase. \\ Stored primarily in the liver. Very large reserve pool (several years). Synthesized only by microorganisms."
"Methylmalonyl-CoA","Succinyl-CoA"
"Homocysteine + N-methyl THF","Methionine + THF"
"Folic acid","Coenzyme (THF) for 1-carbon transfer; involved in methylation reactions.
Important for the synthesis of nitrogenous bases in DNA and RNA."
"Biotin deficiency ","Dermatitis, enteritis. Caused by antibiotic use, excessive ingestion of raw eggs."
"Biotin","Cofactor for carboxylations: 1. Pyruvate → oxaloacetate 2. Acetyl-CoA → malonyl-CoA 3. Propionyl-CoA → methylmalonyl-CoA"
"Vitamin C (ascorbic acid) deficiency ","Scurvy––swollen gums, bruising, anemia, poor wound healing."
"Vitamin C (ascorbic acid)","Necessary for hydroxylation of proline and lysine in collagen synthesis. \\ Facilitates iron absorption by keeping iron in Fe2+ reduced state (more absorbable). \\ Necessary as a cofactor for dopamine β-hydroxylase, which converts dopamine to NE."
"Vitamin E deficiency ","↑ fragility of erythrocytes, neurodysfunction."
"vitamin E  function ","Antioxidant (protects erythrocytes from hemolysis)."
"Zinc deficiency","Delayed wound healing, hypogonadism, ↓ adult hair (axillary, facial, pubic); may predispose to alcoholic cirrhosis."
"Disulfiram (Antabuse)","inhibits acetaldehyde dehydrogenase (acetaldehyde accumulates, contributing to hangover symptoms)."
"Fomepizole","inhibits alcohol dehydrogenase"
"Ethanol hypoglycemia","Ethanol metabolism ↑ NADH/NAD+ ratio in liver, causing diversion of pyruvate to lactate and OAA to malate, thereby inhibiting gluconeogenesis and leading to hypoglycemia. This altered NADH/NAD+ ratio is responsible for the hepatic fatty change (hepatocellular steatosis) seen in chronic alcoholics (shunting away from glycolysis and toward fatty acid synthesis, which normalizes the ratio)."
"Kwashiorkor","protein malnutrition resulting in skin lesions, edema, liver malfunction (fatty change). Clinical picture is small child with swollen belly."
"Chromatin structure","Negatively charged DNA loops twice around histone octamer (2 each of the positively charged H2A, H2B, H3, and H4) to form nucleosome bead."
"Heterochromatin","Condensed, transcriptionally inactive."
"Nucleotides","Purines (A, G) have 2 rings. Pyrimidines (C, T, U) have 1 ring. Guanine has a ketone. Thymine has a methyl. Deamination of cytosine makes uracil. \\ Uracil found in RNA; thymine in DNA. G-C bond (3 H-bonds) stronger than A-T bond \\ (2 H-bonds). ↑ G-C content → ↑ melting temperature."
"Amino acids necessary for purine synthesis:","Glycine Aspartate Glutamine"
"Nucleoside ","base + ribose."
"Purines","made from IMP"
"Pyrimidines","made from orotate precursor, with PRPP added later. "
"Ribonucleotides","synthesized first and are converted to deoxyribonucleotides by ribonucleotide reductase."
"Transition","Substituting purine for purine or pyrimidine for pyrimidine."
"Transversion","Substituting purine for pyrimidine or vice versa."
"Eukaryotes Dna replication ","Eukaryotic genome has multiple origins of replication.Replication begins at a consensus sequence of AT-rich base pairs."
"Prokaryotes","Single origin of replication––continuous bidirectional DNA synthesis on leading strand and discontinuous (Okazaki fragments) on lagging strand."
"Helicase","Unwinds DNA template at replication fork. Single-stranded binding (SSB) protein prevents strands from reannealing."
"DNA topoisomerases","Create a nick in the helix to relieve supercoils. DNA gyrase is a specific prokaryotic topoisomerase."
"Primase","Makes an RNA primer on which DNA polymerase III can initiate replication."
"DNA polymerase III","3′ → 5′ exonuclease activity “proofreads” each added nucleotide.Elongates the chain by adding deoxynucleotides to the 3′ end (leading strand). Elongates lagging strand until it reaches primer of preceding fragment. "
"DNA polymerase I","Degrades RNA primer and fills in the gap with DNA."
"DNA polymerase I","excises RNA primer with 5′ → 3′ exonuclease."
"mRNA initiation","AUG (or rarely GUG)"
"mRNA stop codons","UGA, UAA, UAG."
"Promoter","ite where RNA polymerase and multiple other transcription factors bind to DNA upstream from gene locus (AT-rich upstream sequence with TATA and CAAT boxes)."
"Enhancer","Stretch of DNA that alters gene expression by binding transcription factors. May be located close to, far from, or even within (in an intron) the gene whose expression it regulates."
"Silencer","Site where negative regulators (repressors) bind."
"Pre-mRNA splicing occurs in eukaryotes.","1—Primary transcript combines with snRNPs and other proteins to form \\ spliceosome. 2—Lariat-shaped intermediate is generated. 3—Lariat is released to remove intron precisely and join 2 exons."
"Structure of tRNA ","75–90 nucleotides, 2o structure, cloverleaf form, anticodon end is opposite 3′ aminoacyl end. All tRNAs, both eukaryotic and prokaryotic, have CCA at 3′ end along with a high percentage of chemically modified bases. The amino acid is covalently bound to the 3′ end of the tRNA."
"Charging of tRNA ","Aminoacyl-tRNA synthetase (1 per aa, uses ATP) scrutinizes aa before and after it binds to tRNA. If incorrect, bond is hydrolyzed by synthetase. The aa-tRNA bond has energy for formation of peptide bond. A mischarged tRNA reads usual codon but inserts wrong amino acid."
"tRNA wobble","Accurate base pairing is required only in the first 2 nucleotide positions of an mRNA codon, so codons differing in the 3rd “wobble” position may code for the same tRNA/amino acid."
"Trimming","Removal of N- or C-terminal propeptides from zymogens to generate mature proteins."
"Rough endoplasmic reticulum (RER)","the site of synthesis of secretory (exported) proteins and of N-linked oligosaccharide addition to many proteins."
"Nissl bodies (in neurons)","synthesize enzymes (e.g., ChAT) and peptide neurotransmitters."
"Free ribosomes","unattached to any membrane; site of synthesis of cytosolic and organellar proteins."
"tRNA aminoacylation","ATP → AMP (2 phosphoanhydride bonds)"
"Loading tRNA onto ribosome","GTP → GDP"
"Translocation","GTP → GDP"
"Smooth endoplasmic reticulum (SER)","SER is the site of steroid synthesis and detoxification of drugs and poisons.Liver hepatocytes and steroid hormone–producing cells of the adrenal cortex are rich in SER."
"I-cell disease","ailure of addition of mannose-6-phosphate to lysosome proteins; enzymes are secreted outside the cell instead of being targeted to the lysosome.Characterized by coarse facial features, clouded corneas, restricted joint movement, and high plasma levels of lysosomal enzymes. Often fatal in childhood."
"Drugs that act on microtubules:","1. Mebendazole/thiabendazole (antihelminthic) \\ 2. Paclitaxel (Taxol) (anti–breast cancer) \\  3. Griseofulvin (antifungal) 4. Vincristine/vinblastine \\ (anti-cancer) 5. Colchicine (anti-gout)"
"Chédiak-Higashi syndrome","due to a microtubule polymerization defect resulting in ↓ phagocytosis."
"Cilia structure","9 + 2 arrangement of microtubules. Dynein is an ATPase that links peripheral \\ 9 doublets and causes bending of cilium by \\ differential sliding of doublets. \\ "
"Dynein","retrograde to microtubule (+ → −)"
"Kinesin","anterograde to microtubule (− → +)."
"Kartagener’s syndrome","Immotile cilia due to a dynein arm defect"
"Actin and myosin","Microvilli, muscle contraction, cytokinesis, adhering junctions."
"Microtubule","Cilia, flagella, mitotic spindle, neurons, centrioles."
"Intermediate filaments","Vimentin, desmin, cytokeratin, glial fibrillary acid proteins (GFAP), neurofilaments."
"Plasma membrane composition","Asymmetric fluid bilayer. Contains cholesterol (~50%), phospholipids (~50%), sphingolipids, glycolipids, \\ and proteins. High cholesterol or long saturated fatty acid content → ↑ melting temperature, ↓ fluidity."
"Phosphatidylcholine (lecithin) function","Major component of RBC membranes, of myelin, bile, and surfactant (DPPC–– dipalmitoyl phosphatidylcholine).
Used in esterification of cholesterol (LCAT is lecithin-cholesterol acyltransferase)."
"Vimentin","Connective tissue"
"Desmin","Muscle"
"Cytokeratin","Epithelial cells"
"GFAP","Neuroglia"
"Neurofilaments","Neurons"
"Type I (90%)–","Bone, Skin, Tendon, dentin, fascia, cornea, late wound repair."
"Type II","Cartilage (including hyaline), vitreous body, nucleus pulposus."
"Type III (Reticulin)","skin, blood vessels, uterus, fetal tissue, granulation tissue."
"Type IV","Basement membrane or basal lamina."
"Mitochondria","atty acid oxidation (β-oxidation), acetyl-CoA production, Krebs cycle, oxidative phosphorylation."
"Cytoplasm","Glycolysis, fatty acid synthesis, HMP shunt, protein synthesis (RER), steroid synthesis (SER)."
"Both","Heme synthesis, Urea cycle, Gluconeogenesis."
"De novo pyrimidine synthesis","Aspartate transcarbamylase (ATCase)"
"De novo purine synthesis","Glutamine-PRPP amidotransferase"
"Glycolysis","Phosphofructokinase-1 (PFK-1)"
"Gluconeogenesis","Pyruvate carboxylase"
"TCA cycle","Isocitrate dehydrogenase"
"Glycogen synthesis","Glycogen synthase"
"Glycogenolysis","Glycogen phosphorylase"
"HMP shunt","Glucose-6-phosphate dehydrogenase (G6PD)"
"Fatty acid synthesis","Acetyl-CoA carboxylase (ACC)"
"Fatty acid oxidation","Carnitine acyltransferase I"
"Ketogenesis","HMG-CoA synthase"
"Cholesterol synthesis","HMG-CoA reductase"
"Heme synthesis","ALA synthase"
"Urea cycle","Carbamoyl phosphate synthase I"
"Activated carriers","hosphoryl (ATP). Electrons (NADH, NADPH, FADH2). Acyl (coenzyme A, lipoamide). CO2 (biotin). 1-carbon units (tetrahydrofolates). CH3 groups (SAM). Aldehydes (TPP)."
"S-adenosyl- methionine","ATP + methionine → SAM. SAM transfers methyl units. Regeneration of methionine (and thus SAM) is dependent on vitamin B12 and folate."
"Universal electron acceptors","Nicotinamides (NAD+, NADP+) and flavin nucleotides (FAD+)."
"NAD+","generally used in catabolic processes to carry reducing equivalents away as NADH."
"NADPH","sed in anabolic processes (steroid and fatty acid synthesis) as a supply of reducing equivalents.1. Anabolic processes 2. Respiratory burst 3. P-450"
"Hexokinase (ubiquitous)","High affinity (low Km), low capacity (low Vmax), uninduced by insulin.Feedback inhibited by glucose-6- phosphate."
"Glucokinase (liver and β cells of pancreas)","Low affinity (high Km), high capacity (high Vmax). induced by insulin.No direct feedback inhibition. Phosphorylates excess glucose
(e.g., after a meal) to sequester it in the liver."
"Glucose-6-P􏰂.","D-glucose	*Glucose-6-phosphate Glucose-6-P􏰂. Hexokinase/glucokinase"
"(rate-limiting step) TP 􏰂, AMP ⊕, citrate 􏰂, fructose-2,6-BP ⊕","Fructose-6-P Fructose-1,6-BP Phosphofructokinase-1"
"ATP 􏰂, alanine 􏰂, fructose-1,6-BP ⊕.","1,3-BPG 3-PG Phosphoglycerate kinase"
"final ","Phosphoenolpyruvate Pyruvate Pyruvate kinase ATP􏰂,NADH􏰂, acetyl-CoA 􏰂."
"F2,6BP","the most potent activator of phosphofructokinase (overrides inhibition by ATP and citrate) and is a potent regulator of glycolysis and gluconeogenesis."
"Glycolytic enzyme deficiency","Associated with hemolytic anemia by decreasing activity of Na+-K+ ATPase, leading to RBC swelling and lysis. \\ Due to deficiencies in pyruvate kinase (95%), phosphoglucose isomerase (4%), and other glycolytic enzymes."
"Pyruvate dehydrogenase complex","Reaction: pyruvate + NAD+ + CoA → acetyl-CoA + CO2 + NADH."
"α-ketoglutarate dehydrogenase complex","Pyrophosphate (B1, thiamine; TPP) 2. FAD (B2, riboflavin) 3. NAD (B3, niacin) 4. CoA (B5, pantothenate) 5. Lipoic acid"
"Arsenic ","nhibits lipoic acid: Vomiting Rice water stools Garlic breath"
"Pyruvate dehydrogenase deficiency","Causes backup of substrate (pyruvate and alanine), resulting in lactic acidosis. Can be congenital or acquired (as in alcoholics due to B1 deficiency). Findings: neurologic defects. Treatment: ↑ intake of ketogenic nutrients "
"the only purely ketogenic amino acids.","Lysine and Leucine"
"Cori cycle","allows lactate generated during anaerobic metabolism to undergo hepatic gluconeogenesis and become a source of glucose for muscle/RBCs. This comes at the cost of a net loss of 4 ATP/cycle."
"Citrate ","Krebs’ Starting Substrate For Making Oxaloacetate."
"Rotenone, CN–, antimycin A, CO.","Directly inhibit electron transport, causing a ↓ proton gradient and block of ATP synthesis."
"Oligomycin.","Directly inhibit mitochondrial ATPase, causing an ↑ proton gradient, but no ATP is produced because electron transport stops."
"2,4-DNP, aspirin, and thermogenin in brown fat.","↑ permeability of membrane, causing a ↓ proton gradient and ↑ O2 consumption. ATP synthesis stops, but electron transport continues."
"Pyruvate carboxylase","In mitochondria. Pyruvate → oxaloacetate. Gluconeogenesis goes through oxaloacetate (vs. glycolysis)"
"PEP carboxykinase","In cytosol. Oxaloacetate → phosphoenolpyruvate."
"Fructose-1,6-bisphosphatase","In cytosol. Fructose-1,6-bisphosphate →
fructose-6-P."
"Glucose-6- phosphatase","In ER. Glucose-6-P → glucose."
"gluconeogenesis","liver, kidney, intestinal epithelium. Muscle cannot participate in gluconeogenesis."
"Odd-chain fatty acids yield 1 propionyl-CoA","enter the TCA cycle, undergo gluconeogenesis, and serve as a glucose source. Even-chain fatty acids cannot produce new glucose, since they yield only acetyl-CoA equivalents."
"Pentose phosphate pathway (HMP shunt)","roduces NADPH, which is required for fatty acid and steroid biosynthesis and for glutathione reduction inside RBCs. All reactions of this pathway occur in the cytoplasm. No ATP is used or produced. Sites: lactating mammary glands, liver, adrenal cortex (sites of fatty acid or steroid synthesis), and RBCs."
"Oxidative (irreversible)","Glucose-6-phosphate dehydrogenase"
"Nonoxidative (reversible)","Transketolases (require thiamine)"
"Glucose-6- phosphate dehydrogenase deficiency","G6PD is a rate-limiting enzyme in HMP shunt (which yields NADPH). NADPH is necessary to keep glutathione reduced, which in turn detoxifies free radicals and peroxides. ↓ NADPH in RBCs leads to hemolytic anemia due to poor RBC defense against oxidizing agents (fava beans, sulfonamides, primaquine) and antituberculosis drugs."
"Heinz bodies","altered Hemoglobin precipitates within RBCs. Bite cells result from the phagocytic removal of Heinz bodies from macrophages."
"Fructose intolerance","Hereditary deficiency of aldolase B (recessive). Fructose-1-phosphate accumulates, causing a ↓ in available phosphate, which results in inhibition of glycogenolysis and gluconeogenesis. \\ Symptoms: hypoglycemia, jaundice, cirrhosis, vomiting. Treatment: must ↓ intake of both fructose and sucrose (glucose + fructose)."
"Essential fructosuria","Involves a defect in fructokinase and is a benign, asymptomatic condition, since fructose does not enter cells. Symptoms: fructose appears in blood and urine. Disorders of fructose metabolism cause milder symptoms than analogous disorders of galactose metabolism"
"Galactosemia","Absence of galactose-1-phosphate uridyltransferase. Autosomal recessive. Damage is caused by accumulation of toxic substances (including galactitol) rather than absence of an essential compound. Symptoms: cataracts, hepatosplenomegaly, mental retardation."
"Galactokinase deficiency","Causes galactosemia and galactosuria, galactitol accumulation if galactose is present in diet."
"Essential","Ketogenic: Leu, Lys. Glucogenic/ketogenic: Ile, Phe, Tyr, Thr. Glucogenic: Met, Val, Arg, His."
"Acidic","Asp and Glu (negatively charged at body pH)."
"Basic","Arg, Lys, and His. Arg is most basic. His has no charge at body pH."
"Hyperammonemia","Can be acquired (e.g., liver disease) or hereditary (e.g., ornithine transcarbamoylase deficiency). Excess NH4+ depletes α-ketoglutarate, leading to inhibition of TCA cycle. Treatment: benzoate or phenylbutyrate to lower serum ammonia levels."
"Phenylalanine","thryroxin, melanin, NE, Epi, Dopa, Dopamine , Tyrosine "
"Tryptophan","Niacin Serotonin Melatonin"
"Glycine","Porphyrin Heme"
"Arginine","Creatine, urea, nitric oxide "
"glutamate ","gaba, gluathione "
"Phenylketonuria","Normally, phenylalanine is converted into tyrosine (nonessential AA). In PKU, there is ↓ phenylalanine hydroxylase or ↓ tetrahydrobiopterin cofactor. Tyrosine becomes essential and phenylalanine builds up, leading to excess phenylketones in urine."
,"Findings: mental retardation, growth retardation, fair skin, eczema, musty body odor. \\ Treatment: ↓ phenylalanine (contained in aspartame, e.g., NutraSweet) and ↑ tyrosine in diet."
"Alkaptonuria (ochronosis)","Congenital deficiency of homogentisic acid oxidase in the degradative pathway of tyrosine. Resulting alkapton bodies cause urine to turn black on standing. Also, the connective tissue is dark. Benign disease. May have debilitating arthralgias."
"Albinism","Congenital deficiency of either of the following: 1. Tyrosinase (inability to synthesize melanin from tyrosine)––autosomal recessive 2. Defective tyrosine transporters (↓ amounts of tyrosine and thus melanin) Can result from a lack of migration of neural crest cells."
"Homocystinuria","3 forms (all autosomal recessive): 1. Cystathionine synthase deficiency (treatment:
↓ Met and ↑ Cys, and ↑ B12 and folate in diet) 2. ↓ affinity of cystathionine synthase for
pyridoxal phosphate (treatment: ↑↑ vitamin
B6 in diet) 3. Homocysteine methyltransferase deficiency"
"Cystinuria","Common (1:7000) inherited defect of renal tubular amino acid transporter for cysteine, ornithine, lysine, and arginine in the PCT of the kidneys. Excess cystine in urine can lead to the precipitation of cystine kidney stones (staghorn calculi)."
"Maple syrup urine disease","Blocked degradation of branched amino acids (Ile, Val, Leu) due to ↓ α-ketoacid dehydrogenase. Causes ↑ α-ketoacids in the blood, especially Leu.
Causes severe CNS defects, mental retardation, and death."
"Adenosine deaminase deficiency","ADA deficiency can cause SCID. Excess ATP and dATP imbalances nucleotide pool via feedback inhibition of ribonucleotide reductase. This prevents DNA synthesis and thus ↓ lymphocyte count. 1st disease to be treated by experimental human gene therapy."
"Lesch-Nyhan syndrome","Purine salvage problem owing to absence of HGPRT, which converts hypoxanthine to IMP and guanine to GMP. X-linked recessive. Results in excess uric acid production. \\ Findings: retardation, self-mutilation, aggression, hyperuricemia, gout, and choreoathetosis."
"Anabolic effects of insulin:"," glucose transport 2. ↑ glycogen synthesis and storage 3. ↑ triglyceride synthesis and storage 4. ↑ Na+ retention (kidneys) 5. ↑ protein synthesis (muscles) 6. ↑ cellular uptake of K+"
"Von Gierke’s disease","Severe fasting hypoglycemia, ↑↑ glycogen in liver, ↑ blood lactate, hepatomegaly. Glucose- 6-phosphatase"
"Pompe’s disease","Lysosomal α-1,4- glucosidase (acid maltase)Cardiomegaly and systemic findings leading to early death"
"Cori’s disease","Debranching enzyme α-1,6-glucosidase. Milder form of type I with normal blood lactate levels"
"McArdle’s disease","Skeletal muscle glycogen
Phosphorylase. ↑ glycogen in muscle, but cannot break it down, leading to painful muscle cramps, myoglobinuria with strenuous exercise"
"Fabry’s disease","α-galactosidase Aperipheral neuropathy of hands/feet, angiokeratomas, cardiovascular/renal disease"
"Gaucher’s disease","Hepatosplenomegaly, aseptic necrosis of femur, bone crises, Gaucher’s cells (macrophages that look like crumpled tissue paper)β-glucocerebrosidase"
"Niemann-Pick disease","SphingomyelinaseProgressive neurodegeneration, hepatosplenomegaly, cherry- red spot (on macula), foam cells"
"Tay-Sachs disease","Hexosaminidase AProgressive neurodegeneration, developmental delay, cherry-red spot, lysosomes with onion skin, GM2 ganglioside"
"Krabbe’s disease","Peripheral neuropathy, developmental delay, optic atrophy, globoid cells, Galactocerebrosidase"
"Metachromatic leukodystrophy","Arylsulfatase A, Central and peripheral demyelination with ataxia, dementia"
"Hurler’s syndrome","Α-L-iduronidase, Developmental delay, gargoylism, airway obstruction, corneal clouding, hepatosplenomegaly, Heparan sulfate,	AR dermatan sulfate"
"Hunter’s syndrome","Mild Hurler’s + aggressive behavior, no corneal clouding, Iduronate sulfatase"
"apolipoproteins","A-I––Activates LCAT. B-100––Binds to LDL receptor, mediates VLDL secretion. C-II––Cofactor for lipoprotein lipase. B-48––Mediates chylomicron secretion. E––Mediates Extra (remnant) uptake."
"Lead poisoning","Ferrochelatase and ALA dehydratase, Coproporphyrin and δ-ALA"
"Acute intermittent porphyria","Porphobilinogen deaminase, Porphobilinogen and δ-ALA"
"Porphyria cutanea tarda","Uroporphyrinogen decarboxylase, Uroporphyrin (tea-colored)"
"Heme catabolism","Heme is scavenged from RBCs and Fe2+ is reused. Heme → biliverdin → bilirubin (sparingly water soluble, toxic to CNS, transported by albumin). Bilirubin is removed from blood by liver, conjugated with glucuronate, and excreted in bile. Some urobilinogen, an intestinal intermediate, is reabsorbed into blood and excreted as urobilin into urine. Biliverdin gives bruises their blue-green color. Jaundiced newborns are exposed to UV light, which converts bilirubin to urine-soluble products."
"co2 transport in blood ","CO2 that is transported in blood and not bound to hemoglobin is primarily in bicarbonate form. \\ CO2 (primarily as carbamate) binds to amino acids in globin chain at N terminus, but not to heme. \\ CO2 binding favors T (taut) form of hemoglobin, promoting O2 unloading (negative allosteric regulation)."
"Methemoglobin","Oxidized form of hemoglobin (ferric, Fe3+) that does not bind O2 as readily, but has ↑ affinity for CN–. \\ Iron in hemoglobin is normally in a reduced state (ferrous, Fe2+)."
,"To treat cyanide poisoning, use nitrites to oxidize hemoglobin to methemoglobin, which binds cyanide, allowing cytochrome oxidase to function. Use thiosulfate to bind this cyanide, forming thiocyanate, which is renally excreted."
"Carboxyhemoglobin","Form of hemoglobin bound to CO in place of O2."
"Tuberous sclerosis","Findings: facial lesions (adenoma sebaceum), hypopigmented “ash leaf spots” on skin, cortical and retinal hamartomas, seizures, mental retardation, renal cysts and renal angiomyolipomas, cardiac rhabdomyomas, ↑ incidence of astrocytomas. Incomplete penetrance, variable presentation."
"on Hippel–Lindau disease","Findings: hemangioblastomas of retina/cerebellum/medulla; about half of affected individuals develop multiple bilateral renal cell carcinomas and other tumors. Associated with deletion of VHL gene (tumor suppressor) on chromosome 3 (3p). Von Hippel–Lindau = 3 words for chromosome 3."
"Achondroplasia","Autosomal-dominant cell-signaling defect of fibroblast growth factor (FGF) receptor 3. Results in dwarfism; short limbs, but head and trunk are normal size. Associated with advanced paternal age."
"Autosomal- recessive diseases","Cystic fibrosis, albinism, α1-antitrypsin deficiency, phenylketonuria, thalassemias, sickle cell anemias, glycogen storage diseases, mucopolysaccharidoses (except Hunter’s), sphingolipidoses (except Fabry’s), infant polycystic kidney disease, hemochromatosis."
"X-linked recessive disorders","Bruton’s agammaglobulinemia, Wiskott-Aldrich syndrome, Fragile X, G6PD deficiency, Ocular albinism, Lesch-Nyhan syndrome, Duchenne’s muscular dystrophy, Hemophilia A and B, Fabry’s disease, Hunter’s syndrome."
"Be Wise, Fool’s GOLD Heeds False Hope.","X linked "
"Fragile X syndrome","X-linked defect affecting the methylation and expression of the FMR1 gene. Associated with chromosomal breakage. The 2nd most common cause of genetic mental retardation (the most common cause is Down syndrome). Associated with macro-orchidism (enlarged testes), long face with a large jaw, large everted ears, and autism."
"Trinucleotide repeat expansion diseases","Huntington’s disease, myotonic dystrophy, Friedreich’s ataxia, fragile X syndrome. May show anticipation (disease severity ↑ and age of onset ↓ in successive generations)."
"Cri-du-chat syndrome","Congenital deletion of short arm of chromosome 5 (46,XX or XY, 5p−). \\ Findings: microcephaly, severe mental retardation, high-pitched crying/mewing, epicanthal folds, cardiac abnormalities."
"22q11 syndromes","Cleft palate, Abnormal facies, Thymic aplasia → T-cell deficiency, Cardiac defects, Hypocalcemia 2° to parathyroid aplasia, microdeletion at chromosome 22q11. Variable presentation as DiGeorge syndrome (thymic, parathyroid, and cardiac defects) or velocardiofacial syndrome (palate, facial, and cardiac defects)."
"Patau’s syndrome","13 (Puberty = 13), Microphthalmia, microcephaly, cleft lip/palate, Polydactyly, Rocker-bottom feet"
"Edwards’ syndrome","18 (Election age = 18), Prominent occiput, micrognathia (small jaw), low-set ears, Clenched hands, Rocker-bottom feet"
"Down syndrome","21 (Drinking age = 21), ↑Simian crease,Gap between first 2 toes,   α-fetoprotein, ↓ β-hCG, ↑ nuchal translucency, Flat facial profile, prominent epicanthal folds, "
